Date,kasus_baru_mingguan,vaksin_persen
2020-03-08 00:00:00+00:00,6.0,0.0
2020-03-15 00:00:00+00:00,111.0,0.0
2020-03-22 00:00:00+00:00,397.0,0.0
2020-03-29 00:00:00+00:00,771.0,0.0
2020-04-05 00:00:00+00:00,988.0,0.0
2020-04-12 00:00:00+00:00,1968.0,0.0
2020-04-19 00:00:00+00:00,2334.0,0.0
2020-04-26 00:00:00+00:00,2307.0,0.0
2020-05-03 00:00:00+00:00,2310.0,0.0
2020-05-10 00:00:00+00:00,2840.0,0.0
2020-05-17 00:00:00+00:00,3482.0,0.0
2020-05-24 00:00:00+00:00,4757.0,0.0
2020-05-31 00:00:00+00:00,4202.0,0.0
2020-06-07 00:00:00+00:00,4713.0,0.0
2020-06-14 00:00:00+00:00,7091.0,0.0
2020-06-21 00:00:00+00:00,7614.0,0.0
2020-06-28 00:00:00+00:00,8119.0,0.0
2020-07-05 00:00:00+00:00,9739.0,0.0
2020-07-12 00:00:00+00:00,11950.0,0.0
2020-07-19 00:00:00+00:00,10822.0,0.0
2020-07-26 00:00:00+00:00,12257.0,0.0
2020-08-02 00:00:00+00:00,12677.0,0.0
2020-08-09 00:00:00+00:00,13941.0,0.0
2020-08-16 00:00:00+00:00,14153.0,0.0
2020-08-23 00:00:00+00:00,13986.0,0.0
2020-08-30 00:00:00+00:00,18518.0,0.0
2020-09-06 00:00:00+00:00,22056.0,0.0
2020-09-13 00:00:00+00:00,24273.0,0.0
2020-09-20 00:00:00+00:00,26294.0,0.0
2020-09-27 00:00:00+00:00,30537.0,0.0
2020-10-04 00:00:00+00:00,28285.0,0.0
2020-10-11 00:00:00+00:00,29951.0,0.0
2020-10-18 00:00:00+00:00,28418.0,0.0
2020-10-25 00:00:00+00:00,27845.0,0.0
2020-11-01 00:00:00+00:00,23072.0,0.0
2020-11-08 00:00:00+00:00,24932.0,0.0
2020-11-15 00:00:00+00:00,29397.0,0.0
2020-11-22 00:00:00+00:00,30555.0,0.0
2020-11-29 00:00:00+00:00,36598.0,0.0
2020-12-06 00:00:00+00:00,41530.0,0.0
2020-12-13 00:00:00+00:00,42024.0,0.0
2020-12-20 00:00:00+00:00,47110.0,0.0
2020-12-27 00:00:00+00:00,48435.0,0.0
2021-01-03 00:00:00+00:00,51985.0,0.0
2021-01-10 00:00:00+00:00,62676.0,0.0
2021-01-17 00:00:00+00:00,79903.0,0.0
2021-01-24 00:00:00+00:00,81333.0,0.0
2021-01-31 00:00:00+00:00,89052.0,0.0
2021-02-07 00:00:00+00:00,79523.0,0.0
2021-02-14 00:00:00+00:00,59631.0,0.0
2021-02-21 00:00:00+00:00,61394.0,0.0
2021-02-28 00:00:00+00:00,48150.666666666664,0.0
2021-03-07 00:00:00+00:00,45028.0,0.0
2021-03-14 00:00:00+00:00,39793.0,0.0
2021-03-21 00:00:00+00:00,40729.0,2.0478529924494024
2021-03-28 00:00:00+00:00,35901.0,2.680642856853922
2021-04-04 00:00:00+00:00,38170.0,3.193581386904913
2021-04-11 00:00:00+00:00,32740.0,3.71777549027907
2021-04-18 00:00:00+00:00,37353.0,4.007498899433053
2021-04-25 00:00:00+00:00,36846.0,4.342617653466512
2021-05-02 00:00:00+00:00,36080.0,4.6102825370958636
2021-05-09 00:00:00+00:00,36410.0,4.937366248469299
2021-05-16 00:00:00+00:00,26066.0,5.084158717062566
2021-05-23 00:00:00+00:00,35470.0,5.5109981991859875
2021-05-30 00:00:00+00:00,40821.0,6.034220443961958
2021-06-06 00:00:00+00:00,39997.0,6.529736206599847
2021-06-13 00:00:00+00:00,55320.0,7.460638329680469
2021-06-20 00:00:00+00:00,78551.0,8.528141359253501
2021-06-27 00:00:00+00:00,125395.0,10.03529604643
2021-07-04 00:00:00+00:00,168780.0,11.86649895974676
2021-07-11 00:00:00+00:00,243119.0,13.42209224894397
2021-07-18 00:00:00+00:00,350273.0,15.42296812817854
2021-07-25 00:00:00+00:00,289029.0,16.457930918891897
2021-08-01 00:00:00+00:00,273891.0,17.57123602319947
2021-08-08 00:00:00+00:00,225635.0,18.68882603948336
2021-08-15 00:00:00+00:00,188323.0,19.869483239208556
2021-08-22 00:00:00+00:00,125102.0,21.220753435635796
2021-08-29 00:00:00+00:00,94375.0,22.81783205977728
2021-09-05 00:00:00+00:00,55189.0,24.715656879245017
2021-09-12 00:00:00+00:00,38491.0,26.930103681657585
2021-09-19 00:00:00+00:00,23252.0,29.427906479978972
2021-09-26 00:00:00+00:00,17250.0,31.998309262111846
2021-10-03 00:00:00+00:00,11271.0,34.70728590511143
2021-10-10 00:00:00+00:00,8648.0,37.03109936781561
2021-10-17 00:00:00+00:00,6826.0,39.78596209617494
2021-10-24 00:00:00+00:00,5261.0,41.83239430981306
2021-10-31 00:00:00+00:00,4339.0,44.28590426392671
2021-11-07 00:00:00+00:00,3807.0,46.30057342951102
2021-11-14 00:00:00+00:00,2690.0,48.21667518609658
2021-11-21 00:00:00+00:00,2557.0,49.74697905656193
2021-11-28 00:00:00+00:00,2524.0,51.26877231761225
2021-12-05 00:00:00+00:00,1749.0,52.71290978361354
2021-12-12 00:00:00+00:00,1458.0,54.214476098805044
2021-12-19 00:00:00+00:00,1401.0,56.038372678364986
2021-12-26 00:00:00+00:00,1215.0,57.97169032157294
2022-01-02 00:00:00+00:00,1409.0,61.39840193360335
2022-01-09 00:00:00+00:00,3027.0,62.968600858587855
2022-01-16 00:00:00+00:00,5454.0,65.2477547170421
2022-01-23 00:00:00+00:00,14729.0,67.03505079091802
2022-01-30 00:00:00+00:00,56807.0,68.30312345175959
2022-02-06 00:00:00+00:00,173295.0,69.05516103232507
2022-02-13 00:00:00+00:00,291298.0,69.68176223736978
2022-02-20 00:00:00+00:00,389727.0,70.1865905963162
2022-02-27 00:00:00+00:00,341889.0,70.56617058589865
2022-03-06 00:00:00+00:00,209331.0,71.05873672438287
2022-03-13 00:00:00+00:00,141770.0,71.57575513607377
2022-03-20 00:00:00+00:00,71988.0,72.00473411345847
2022-03-27 00:00:00+00:00,36470.0,72.49680803109896
2022-04-03 00:00:00+00:00,21028.0,72.86060512586869
2022-04-10 00:00:00+00:00,12726.0,73.09050630824126
2022-04-17 00:00:00+00:00,7166.0,73.34898775727223
2022-04-24 00:00:00+00:00,4277.0,73.61119121008153
2022-05-01 00:00:00+00:00,2890.0,73.77632797232914
2022-05-08 00:00:00+00:00,1391.0,73.77632797232914
2022-05-15 00:00:00+00:00,2345.0,73.87179846101195
2022-05-22 00:00:00+00:00,1814.0,73.97507601638506
2022-05-29 00:00:00+00:00,1825.0,74.09151955410032
2022-06-05 00:00:00+00:00,2385.0,74.19304917034196
2022-06-12 00:00:00+00:00,3688.0,74.3311822529945
2022-06-19 00:00:00+00:00,7587.0,74.44210847616986
2022-06-26 00:00:00+00:00,12376.0,74.52381824649864
2022-07-03 00:00:00+00:00,13466.0,74.59747743035125
2022-07-10 00:00:00+00:00,17388.0,74.6655560141269
2022-07-17 00:00:00+00:00,23648.0,74.73794837696597
2022-07-24 00:00:00+00:00,33389.0,74.8315325125357
2022-07-31 00:00:00+00:00,38756.0,74.93551916199645
2022-08-07 00:00:00+00:00,37880.0,75.03041786030067
2022-08-14 00:00:00+00:00,37796.0,75.11062025055692
2022-08-21 00:00:00+00:00,32783.0,75.17137806703225
2022-08-28 00:00:00+00:00,30747.0,75.23377390565363
2022-09-04 00:00:00+00:00,26238.0,75.28296712293775
2022-09-11 00:00:00+00:00,19950.0,75.28957250460586
2022-09-18 00:00:00+00:00,16314.0,75.6182587094028
2022-09-25 00:00:00+00:00,13723.0,75.67477380425984
2022-10-02 00:00:00+00:00,12056.0,75.72247148437896
2022-10-09 00:00:00+00:00,10363.0,75.75402321055176
2022-10-16 00:00:00+00:00,11920.0,75.78296986716147
2022-10-23 00:00:00+00:00,14093.0,75.90262579354096
2022-10-30 00:00:00+00:00,19661.0,75.91983427834616
2022-11-06 00:00:00+00:00,30670.0,75.93897685798538
2022-11-13 00:00:00+00:00,40212.0,75.96069971110005
2022-11-20 00:00:00+00:00,46863.0,75.984620163741
2022-11-27 00:00:00+00:00,41877.0,76.02006783639632
2022-12-04 00:00:00+00:00,29959.0,75.39862754839338
2022-12-11 00:00:00+00:00,18587.0,75.43455707934832
2022-12-18 00:00:00+00:00,10807.0,75.4642957303983
2022-12-25 00:00:00+00:00,6527.0,75.48925280753794
