Date,lag_0,lag_1,lag_2,lag_3,rolling_mean_4w,vaksin_persen,bulan_1,bulan_2,bulan_3,bulan_4,bulan_5,bulan_6,bulan_7,bulan_8,bulan_9,bulan_10,bulan_11,bulan_12
2020-03-29 00:00:00+00:00,-0.6525152029735068,-0.656961386282813,-0.6602650723149627,-0.6612100260971732,-0.7109412568100738,-0.7828868433145798,0,0,1,0,0,0,0,0,0,0,0,0
2020-04-05 00:00:00+00:00,-0.6498060931585007,-0.6522927024982466,-0.6566953349040753,-0.6598996752122468,-0.7076290183558379,-0.7828868433145798,0,0,0,1,0,0,0,0,0,0,0,0
2020-04-12 00:00:00+00:00,-0.6375714036713762,-0.6495838672542601,-0.6520272167513763,-0.6563305289923521,-0.7013654472667176,-0.7828868433145798,0,0,0,1,0,0,0,0,0,0,0,0
2020-04-19 00:00:00+00:00,-0.633002121679246,-0.6373504177652893,-0.6493187096948638,-0.6516631839355667,-0.6948320400509793,-0.7828868433145798,0,0,0,1,0,0,0,0,0,0,0,0
2020-04-26 00:00:00+00:00,-0.6333391998589933,-0.6327815988745105,-0.637086742342872,-0.6489551254400522,-0.6896511864199137,-0.7828868433145798,0,0,0,1,0,0,0,0,0,0,0,0
2020-05-03 00:00:00+00:00,-0.6333017467279103,-0.6331186428910432,-0.6325184769848832,-0.6367251838474061,-0.6851921444275513,-0.7828868433145798,0,0,0,0,1,0,0,0,0,0,0,0
2020-05-10 00:00:00+00:00,-0.6266850269032409,-0.633081193555873,-0.6328554801670299,-0.6321576750485198,-0.6822509306474152,-0.7828868433145798,0,0,0,0,1,0,0,0,0,0,0,0
2020-05-17 00:00:00+00:00,-0.6186700568514715,-0.6264651443424499,-0.6328180353690136,-0.6324946224189295,-0.6783787822304468,-0.7828868433145798,0,0,0,0,1,0,0,0,0,0,0,0
2020-05-24 00:00:00+00:00,-0.602752476141182,-0.6184509866160017,-0.626202787719467,-0.6324571838222173,-0.6701150508527706,-0.7828868433145798,0,0,0,0,1,0,0,0,0,0,0,0
2020-05-31 00:00:00+00:00,-0.6096813053915433,-0.6025350191686163,-0.6181896009439785,-0.6258430317363984,-0.663733426458255,-0.7828868433145798,0,0,0,0,1,0,0,0,0,0,0,0
2020-06-07 00:00:00+00:00,-0.6033017887303997,-0.6094631461751252,-0.6022755617870503,-0.6178311720399915,-0.657415888143811,-0.7828868433145798,0,0,0,0,0,1,0,0,0,0,0,0
2020-06-14 00:00:00+00:00,-0.5736139401585812,-0.6030842760844476,-0.6092028494200661,-0.6019197684373141,-0.6452429058817566,-0.7828868433145798,0,0,0,0,0,1,0,0,0,0,0,0
2020-06-21 00:00:00+00:00,-0.5670846109731056,-0.5733994364061082,-0.6028247521579561,-0.6088459088290678,-0.6356063832099113,-0.7828868433145798,0,0,0,0,0,1,0,0,0,0,0,0
2020-06-28 00:00:00+00:00,-0.5607800005741281,-0.5668707689747493,-0.5731435089303677,-0.6024688678557595,-0.6223945318603775,-0.7828868433145798,0,0,0,0,0,1,0,0,0,0,0,0
2020-07-05 00:00:00+00:00,-0.5405553097892897,-0.5605667975544123,-0.5666156324761924,-0.5727925401952365,-0.6054420772056017,-0.7828868433145798,0,0,0,0,0,0,1,0,0,0,0,0
2020-07-12 00:00:00+00:00,-0.5129523521810934,-0.5403441565624402,-0.560312424810115,-0.5662657448350794,-0.589052905465141,-0.7828868433145798,0,0,0,0,0,0,1,0,0,0,0,0
2020-07-19 00:00:00+00:00,-0.5270347294683143,-0.5127439965419152,-0.5400922338813121,-0.5599635810551954,-0.5782324767877592,-0.7828868433145798,0,0,0,0,0,0,1,0,0,0,0,0
2020-07-26 00:00:00+00:00,-0.5091196484335963,-0.526824946565955,-0.5124954177432979,-0.5397467388306171,-0.5642752031384433,-0.7828868433145798,0,0,0,0,0,0,1,0,0,0,0,0
2020-08-02 00:00:00+00:00,-0.5038762100819714,-0.5089116812428192,-0.5265746617974273,-0.5121544930537388,-0.5543654713883972,-0.7828868433145798,0,0,0,0,0,0,0,1,0,0,0,0
2020-08-09 00:00:00+00:00,-0.48809595751898627,-0.5036687743189746,-0.5086635667462963,-0.5262314054175193,-0.5476499247871918,-0.7828868433145798,0,0,0,0,0,0,0,1,0,0,0,0
2020-08-16 00:00:00+00:00,-0.4854492695891185,-0.4878901211005469,-0.5034212950240141,-0.508323276656859,-0.5364146230651349,-0.7828868433145798,0,0,0,0,0,0,0,1,0,0,0,0
2020-08-23 00:00:00+00:00,-0.48753416055274074,-0.4852437014151777,-0.4876445534598124,-0.5030818731171535,-0.5305827897786034,-0.7828868433145798,0,0,0,0,0,0,0,1,0,0,0,0
2020-08-30 00:00:00+00:00,-0.4309549638633036,-0.48732838107299215,-0.48499845439999373,-0.48730774436908736,-0.5108813795839067,-0.7828868433145798,0,0,0,0,0,0,0,1,0,0,0,0
2020-09-06 00:00:00+00:00,-0.3867852379393785,-0.4307549187423638,-0.48708288148956785,-0.48466208353475987,-0.48350987749009344,-0.7828868433145798,0,0,0,0,0,0,0,0,1,0,0,0
2020-09-13 00:00:00+00:00,-0.35910737406901616,-0.3865896694648345,-0.4305162732862749,-0.48674616541840465,-0.44937560747291655,-0.7828868433145798,0,0,0,0,0,0,0,0,1,0,0,0
2020-09-20 00:00:00+00:00,-0.3338764480960787,-0.35891461077396886,-0.3863563748257166,-0.4301889253185349,-0.40786131939273745,-0.7828868433145798,0,0,0,0,0,0,0,0,1,0,0,0
2020-09-27 00:00:00+00:00,-0.28090523636764053,-0.3336862419808974,-0.35868466909166974,-0.38603634026263484,-0.3673218143199658,-0.7828868433145798,0,0,0,0,0,0,0,0,1,0,0,0
2020-10-04 00:00:00+00:00,-0.3090200534339716,-0.28072039893834316,-0.33345935682802125,-0.3583692172923323,-0.34631169891117186,-0.7828868433145798,0,0,0,0,0,0,0,0,0,1,0,0
2020-10-11 00:00:00+00:00,-0.2882210813058599,-0.30883236653952917,-0.280499930833632,-0.333148082640559,-0.3271600798244594,-0.7828868433145798,0,0,0,0,0,0,0,0,0,1,0,0
2020-10-18 00:00:00+00:00,-0.30735963128929045,-0.2880355024082788,-0.30860849254453576,-0.28019742735729614,-0.31999593066275156,-0.7828868433145798,0,0,0,0,0,0,0,0,0,1,0,0
2020-10-25 00:00:00+00:00,-0.31451317932614997,-0.3071721126803117,-0.2878141480461496,-0.3083013339559075,-0.3290759163234472,-0.7828868433145798,0,0,0,0,0,0,0,0,0,1,0,0
2020-11-01 00:00:00+00:00,-0.37410111087925757,-0.3143249356978426,-0.3069484398324797,-0.287510433248409,-0.34665911292419255,-0.7828868433145798,0,0,0,0,0,0,0,0,0,0,1,0
2020-11-08 00:00:00+00:00,-0.3508801696077763,-0.37390682795381985,-0.3141003962535933,-0.30664155616833405,-0.36358795691788925,-0.7828868433145798,0,0,0,0,0,0,0,0,0,0,1,0
2020-11-15 00:00:00+00:00,-0.2951374261791936,-0.3506882401482222,-0.37367506989752913,-0.31379232814036084,-0.3602858373184015,-0.7828868433145798,0,0,0,0,0,0,0,0,0,0,1,0
2020-11-22 00:00:00+00:00,-0.2806805175811423,-0.29495114630306435,-0.35045929512742213,-0.37335713550944255,-0.3511451385292168,-0.7828868433145798,0,0,0,0,0,0,0,0,0,0,1,0
2020-11-29 00:00:00+00:00,-0.20523742720288357,-0.2804957029273213,-0.29472895407982663,-0.35014520554788964,-0.30552259542127863,-0.7828868433145798,0,0,0,0,0,0,0,0,0,0,1,0
2020-12-06 00:00:00+00:00,-0.1436644797023752,-0.20506025878257572,-0.2802752620455342,-0.2944240941079253,-0.24953834505120928,-0.7828868433145798,0,0,0,0,0,0,0,0,0,0,0,1
2020-12-13 00:00:00+00:00,-0.1374971974507022,-0.1434935517625716,-0.20484895724136407,-0.27997279577702305,-0.20694808541614088,-0.7828868433145798,0,0,0,0,0,0,0,0,0,0,0,1
2020-12-20 00:00:00+00:00,-0.0740016558879314,-0.1373268945711924,-0.14328970930256427,-0.20455898246645093,-0.15110887196412873,-0.7828868433145798,0,0,0,0,0,0,0,0,0,0,0,1
2020-12-27 00:00:00+00:00,-0.057459856326257906,-0.07383778834577857,-0.13712379922921328,-0.1430099294716236,-0.11118324407941306,-0.7828868433145798,0,0,0,0,0,0,0,0,0,0,0,1
2021-01-03 00:00:00+00:00,-0.013140317878000655,-0.05729766531222109,-0.07364238499224332,-0.13684504054635097,-0.07591903528202332,-0.7828868433145798,1,0,0,0,0,0,0,0,0,0,0,0
2021-01-10 00:00:00+00:00,0.12033015692490591,-0.012982618694010482,-0.05710426586837679,-0.07337413958696494,-0.00626083919558689,-0.7828868433145798,1,0,0,0,0,0,0,0,0,0,0,0
2021-01-17 00:00:00+00:00,0.3353985199807165,0.12047432874128236,-0.012794588215753251,-0.056838759372417856,0.1043483620567136,-0.7828868433145798,1,0,0,0,0,0,0,0,0,0,0,0
2021-01-24 00:00:00+00:00,0.3532511791302962,0.3355208944009765,0.12064619031500681,-0.012536419929669062,0.21531172322520023,-0.7828868433145798,1,0,0,0,0,0,0,0,0,0,0,0
2021-01-31 00:00:00+00:00,0.4496180854069435,0.3533717441654951,0.3356667021239493,0.12088225922031047,0.3403369195420673,-0.7828868433145798,1,0,0,0,0,0,0,0,0,0,0,0
2021-02-07 00:00:00+00:00,0.33065445671019883,0.4497288835587254,0.3535153891783864,0.33586716107389736,0.39716103485623516,-0.7828868433145798,0,1,0,0,0,0,0,0,0,0,0,0
2021-02-14 00:00:00+00:00,0.08231522887562609,0.3307773119460694,0.44986085447433033,0.3537128921733708,0.3287845603712342,-0.7828868433145798,0,1,0,0,0,0,0,0,0,0,0,0
2021-02-21 00:00:00+00:00,0.10432518557542259,0.08246325354340875,0.33092369437521774,0.4500424015138153,0.2615312787632807,-0.7828868433145798,0,1,0,0,0,0,0,0,0,0,0,0
2021-02-28 00:00:00+00:00,-0.061009580861127836,0.10447097951183279,0.08263972032846072,0.3311249388236876,0.12357306176105165,-0.7828868433145798,0,1,0,0,0,0,0,0,0,0,0,0
2021-03-07 00:00:00+00:00,-0.09999412885955719,-0.0608470300789192,0.10464477996270727,0.08288208355744565,0.007223096914953235,-0.7828868433145798,0,0,1,0,0,0,0,0,0,0,0,0
2021-03-14 00:00:00+00:00,-0.16534984259945204,-0.09982762695397983,-0.06065320061369971,0.10488349889197132,-0.05968951658314505,-0.7828868433145798,0,0,1,0,0,0,0,0,0,0,0,0
2021-03-21 00:00:00+00:00,-0.15366446570154535,-0.16517671682618618,-0.09962907481555662,-0.06038710637191701,-0.1293915610401569,-0.7102794785333445,0,0,1,0,0,0,0,0,0,0,0,0
2021-03-28 00:00:00+00:00,-0.2139390379911752,-0.1534925242530467,-0.16497024735400287,-0.0993565257052193,-0.17070909361134362,-0.6878436861771104,0,0,1,0,0,0,0,0,0,0,0,0
2021-04-04 00:00:00+00:00,-0.1856119865153736,-0.21376098765381313,-0.1532874703729168,-0.16468687696797701,-0.19384079556567158,-0.6696572660097052,0,0,0,1,0,0,0,0,0,0,0,0
2021-04-11 00:00:00+00:00,-0.25340215377566566,-0.18543680715332866,-0.2135486319804848,-0.15300603479377622,-0.21763022307863092,-0.6510717754397319,0,0,0,1,0,0,0,0,0,0,0,0
2021-04-18 00:00:00+00:00,-0.19581172254698662,-0.2532201038116057,-0.18522788308082203,-0.21325721643591458,-0.22901730762191047,-0.6407995277092221,0,0,0,1,0,0,0,0,0,0,0,0
2021-04-25 00:00:00+00:00,-0.2021413017000194,-0.1956355094313788,-0.2530029674903279,-0.18494115778926754,-0.22582986837623537,-0.6289177716901841,0,0,0,1,0,0,0,0,0,0,0,0
2021-05-02 00:00:00+00:00,-0.21170433450322082,-0.2019644470751627,-0.19542534974059483,-0.2527050178383171,-0.23287933718413056,-0.6194276169200618,0,0,0,0,1,0,0,0,0,0,0,0
2021-05-09 00:00:00+00:00,-0.20758449008408705,-0.21152651065531744,-0.2017535206053498,-0.19513693562721846,-0.2205006048755299,-0.6078307462300001,0,0,0,0,1,0,0,0,0,0,0,0
2021-05-16 00:00:00+00:00,-0.3367228860583893,-0.20740708378658237,-0.21131442569884545,-0.20146405847157722,-0.2585711093897468,-0.6026261664317495,0,0,0,0,1,0,0,0,0,0,0,0
2021-05-23 00:00:00+00:00,-0.21931980449010446,-0.3365323914538417,-0.2071954979170523,-0.21102338016542105,-0.2632122907675764,-0.587492418991949,0,0,0,0,1,0,0,0,0,0,0,0
2021-05-30 00:00:00+00:00,-0.15251590301499895,-0.21914120880661558,-0.33630516147726014,-0.206905134527081,-0.24722112731387721,-0.5689413860183045,0,0,0,0,1,0,0,0,0,0,0,0
2021-06-06 00:00:00+00:00,-0.1628030296858057,-0.15234407797449026,-0.21892820129549345,-0.33599341599068483,-0.2351223499866427,-0.551372696339233,0,0,0,0,0,1,0,0,0,0,0,0
2021-06-13 00:00:00+00:00,0.028495079509305805,-0.16263016203460448,-0.1521391632337502,-0.2186358948302314,-0.13645002438560594,-0.5183672265738973,0,0,0,0,0,1,0,0,0,0,0,0
2021-06-20 00:00:00+00:00,0.31851964223929574,0.02864855890366061,-0.16242400108889438,-0.15185791782793598,0.008860102749769226,-0.4805185225121002,0,0,0,0,0,1,0,0,0,0,0,0
2021-06-27 00:00:00+00:00,0.9033377997238488,0.31864372735088614,0.02883154557903534,-0.16214105239154863,0.29412410990715226,-0.42708181071830853,0,0,0,0,0,1,0,0,0,0,0,0
2021-07-04 00:00:00+00:00,1.4449724970696631,0.9034026129236911,0.31879157981793604,0.029082820082040012,0.7285029335852242,-0.3621558524557376,0,0,0,0,0,0,1,0,0,0,0,0
2021-07-11 00:00:00+00:00,2.3730486009302254,1.4449824150451185,0.9034796192431466,0.31899483348894064,1.361939867869394,-0.3070017325963385,0,0,0,0,0,0,1,0,0,0,0,0
2021-07-18 00:00:00+00:00,3.710799536954044,2.3729644574538953,1.4449938065555612,0.9035860416174263,2.2784450178305926,-0.23605995826917142,0,0,0,0,0,0,1,0,0,0,0,0
2021-07-25 00:00:00+00:00,2.946206350270927,3.710579811067343,2.3728634198001757,1.445010547736766,2.830374577118213,-0.19936498008597225,0,0,0,0,0,0,1,0,0,0,0,0
2021-08-01 00:00:00+00:00,2.7572178508259357,2.946064116677008,3.7103167153464356,2.3727264947324005,3.184908890930019,-0.1598923469822713,0,0,0,0,0,0,0,1,0,0,0,0
2021-08-08 00:00:00+00:00,2.1547717529783013,2.757094771407579,2.9458936454429776,3.7099582920981202,3.1259362054576556,-0.12026779078249525,0,0,0,0,0,0,0,1,0,0,0,0
2021-08-15 00:00:00+00:00,1.6889546773215762,2.1547097320812774,2.7569471946527195,2.94566181975116,2.5796866966353442,-0.07840716489864905,0,0,0,0,0,0,0,1,0,0,0,0
2021-08-22 00:00:00+00:00,0.8996798772547391,1.6889398674562988,2.15463513696117,2.7567466607414897,2.0267688625339852,-0.030497393820475217,0,0,0,0,0,0,0,1,0,0,0,0
2021-08-29 00:00:00+00:00,0.516072424325274,0.8997450611887233,1.6889217024330885,2.1545343530938035,1.4212700862095264,0.026127603518155285,0,0,0,0,0,0,0,1,0,0,0,0
2021-09-05 00:00:00+00:00,0.026859626118679977,0.5161764872625945,0.8998225106368878,1.6888980462521574,0.8463639807403834,0.09341566543765879,0,0,0,0,0,0,0,0,1,0,0,0
2021-09-12 00:00:00+00:00,-0.18160450148948892,0.02701327126789002,0.5163004077545881,0.8999295386718699,0.34098789919753325,0.17192967370106296,0,0,0,0,0,0,0,0,1,0,0,0
2021-09-19 00:00:00+00:00,-0.3718539230142755,-0.18142972829010454,0.02719645606565684,0.5164709516134637,-0.0025472195030066796,0.2604901707670124,0,0,0,0,0,0,0,0,1,0,0,0
2021-09-26 00:00:00+00:00,-0.44678515393439944,-0.3716598678436007,-0.18122128969307777,0.027448001358941397,-0.2626861103206713,0.3516247263846004,0,0,0,0,0,0,0,0,1,0,0,0
2021-10-03 00:00:00+00:00,-0.5214292441828868,-0.44658350440768524,-0.37142838201655104,-0.18093522794106404,-0.41081939793078726,0.4476724681059715,0,0,0,0,0,0,0,0,0,1,0,0
2021-10-10 00:00:00+00:00,-0.5541757651264865,-0.5212200294021306,-0.44634294124783175,-0.3711108197067116,-0.511478392014049,0.5300641106663572,0,0,0,0,0,0,0,0,0,1,0,0
2021-10-17 00:00:00+00:00,-0.5769223000709159,-0.5539632314527128,-0.5209704236943208,-0.4460129721955505,-0.5668824947118897,0.6277387600565807,0,0,0,0,0,0,0,0,0,1,0,0
2021-10-24 00:00:00+00:00,-0.5964603501192322,-0.5767074610128197,-0.5537096587599071,-0.5206280954429294,-0.6073208112371795,0.7002957506137849,0,0,0,0,0,0,0,0,0,1,0,0
2021-10-31 00:00:00+00:00,-0.6079709457387514,-0.5962435308600027,-0.5764511327551409,-0.5533619085016139,-0.6307021116086291,0.7872858289492654,0,0,0,0,0,0,0,0,0,1,0,0
2021-11-07 00:00:00+00:00,-0.6146126343174761,-0.607752959869014,-0.5959848357203116,-0.5760996162381459,-0.6470305702206008,0.8587166492075712,0,0,0,0,0,0,0,0,0,0,1,0
2021-11-14 00:00:00+00:00,-0.6285576834573926,-0.6143939753058839,-0.6074928703106549,-0.5956300841896676,-0.6609810979667513,0.9266527265096683,0,0,0,0,0,0,0,0,0,0,1,0
2021-11-21 00:00:00+00:00,-0.6302181056020738,-0.628337611100966,-0.6141330811588791,-0.6071362129125448,-0.6701015590464398,0.9809102009273587,0,0,0,0,0,0,0,0,0,0,1,0
2021-11-28 00:00:00+00:00,-0.6306300900439872,-0.6299978649601834,-0.6280750276202821,-0.6137753240628384,-0.6762234661690856,1.0348659286256379,0,0,0,0,0,0,0,0,0,0,1,0
2021-12-05 00:00:00+00:00,-0.6403054822404377,-0.6304098076470569,-0.629735080332338,-0.6277149615720076,-0.6831650005263336,1.0860683421654833,0,0,0,0,0,0,0,0,0,0,0,1
2021-12-12 00:00:00+00:00,-0.6439384359554919,-0.6400842192327226,-0.6301469731105174,-0.629374739359581,-0.6873204768762508,1.1393069162195328,0,0,0,0,0,0,0,0,0,0,0,1
2021-12-19 00:00:00+00:00,-0.6446500454460696,-0.6437168047442435,-0.639820212598062,-0.6297865639234149,-0.6912196089058809,1.2039738257895216,0,0,0,0,0,0,0,0,0,0,0,1
2021-12-26 00:00:00+00:00,-0.6469721395732178,-0.6444283421124796,-0.6434523580056433,-0.6394582014073954,-0.6956348025276679,1.2725202985470707,0,0,0,0,0,0,0,0,0,0,0,1
2022-01-02 00:00:00+00:00,-0.6445501704298482,-0.6467502008930394,-0.644163809167953,-0.643089745288477,-0.6967816060657943,1.3940155918772799,1,0,0,0,0,0,0,0,0,0,0,0
2022-01-09 00:00:00+00:00,-0.6243504483990651,-0.644328477218692,-0.6464853866449637,-0.6438010786260084,-0.6914894450324989,1.4496875598094556,1,0,0,0,0,0,0,0,0,0,0,0
2022-01-16 00:00:00+00:00,-0.5940508653528903,-0.6241308024501667,-0.6440639563732429,-0.6461222716221637,-0.6778188722677145,1.5304957800300953,1,0,0,0,0,0,0,0,0,0,0,0
2022-01-23 00:00:00+00:00,-0.4782582684211759,-0.5938342902973789,-0.6238687286431175,-0.6437012423681093,-0.632236804578769,1.593865005500114,1,0,0,0,0,0,0,0,0,0,0,0
2022-01-30 00:00:00+00:00,0.047059348149463144,-0.4780534290624765,-0.5935758870479295,-0.6235093592080058,-0.4453820327989702,1.6388249780148942,1,0,0,0,0,0,0,0,0,0,0,0
2022-02-06 00:00:00+00:00,1.5013394593496296,0.047210946036415305,-0.4778090531808638,-0.5932215344678505,0.12892368728844786,1.6654887410597237,0,1,0,0,0,0,0,0,0,0,0,0
2022-02-13 00:00:00+00:00,2.9745334017467284,1.5013436644764482,0.04739168379578216,-0.4774738729660209,1.0930616595008888,1.687705112271324,0,1,0,0,0,0,0,0,0,0,0,0
2022-02-20 00:00:00+00:00,4.203358148204056,2.974388297177492,1.5013482275700951,0.04763988451904493,2.3579117571195933,1.7056039834037158,0,1,0,0,0,0,0,0,0,0,0,0
2022-02-27 00:00:00+00:00,3.606130519953991,4.203088501003929,2.9742143943426402,1.5013556357886002,3.319479540225998,1.7190621285288237,0,1,0,0,0,0,0,0,0,0,0,0
2022-03-06 00:00:00+00:00,1.9512264699190376,3.6059214023780255,4.202765735658156,2.9739778783978075,3.441027223461076,1.7365262382220843,0,0,1,0,0,0,0,0,0,0,0,0
2022-03-13 00:00:00+00:00,1.1077694735520776,1.951185078542318,3.6056709864902112,4.2023257569922645,2.936676519199374,1.7548573120612059,0,0,1,0,0,0,0,0,0,0,0,0
2022-03-20 00:00:00+00:00,0.23658467580664438,1.1078135673950147,1.9511351413419098,3.605329893819809,1.8649582562559193,1.770066916075407,0,0,1,0,0,0,0,0,0,0,0,0
2022-03-27 00:00:00+00:00,-0.20683542746242636,0.236717065109952,1.1078658084154593,1.9510680594953311,0.8347947568116367,1.7875135739015242,0,0,1,0,0,0,0,0,0,0,0,0
2022-04-03 00:00:00+00:00,-0.3996191775238316,-0.20665809708317598,0.23687484335760692,1.1079383820047535,0.19965785492977356,1.800412130811464,0,0,0,1,0,0,0,0,0,0,0,0
2022-04-10 00:00:00+00:00,-0.5032644756076151,-0.3994223083165304,-0.20644660195672626,0.23709166341492363,-0.23560130911138963,1.8085633599640003,0,0,0,1,0,0,0,0,0,0,0,0
2022-04-17 00:00:00+00:00,-0.5726776118815055,-0.503057101844526,-0.39918745894596924,-0.20615636259283737,-0.45424277660678875,1.817727912755715,0,0,0,1,0,0,0,0,0,0,0,0
2022-04-24 00:00:00+00:00,-0.6087449771144674,-0.5724632030268503,-0.5028096966564145,-0.3988652994026759,-0.5628282069094542,1.8270244305307795,0,0,0,1,0,0,0,0,0,0,0,0
2022-05-01 00:00:00+00:00,-0.6260608080518569,-0.6085269127958672,-0.5722073889799602,-0.5024703760375211,-0.62400680271692,1.832879413861865,0,0,0,0,1,0,0,0,0,0,0,0
2022-05-08 00:00:00+00:00,-0.6447748892163464,-0.625840988756278,-0.6082667294696585,-0.5718565752774319,-0.6622392089071077,1.832879413861865,0,0,0,0,1,0,0,0,0,0,0,0
2022-05-15 00:00:00+00:00,-0.6328647935319415,-0.644553173229714,-0.6255787077525287,-0.6079099439112633,-0.678500208487425,1.8362643543938237,0,0,0,0,1,0,0,0,0,0,0,0
2022-05-22 00:00:00+00:00,-0.6394939977336386,-0.6326442846455526,-0.6442886251613407,-0.6252190551245288,-0.6868077882356766,1.839926097284714,0,0,0,0,1,0,0,0,0,0,0,0
2022-05-29 00:00:00+00:00,-0.6393566695863341,-0.639272816970699,-0.6323811793921568,-0.6439258739483824,-0.6903999816712787,1.8440546448174138,0,0,0,0,1,0,0,0,0,0,0,0
